poll_id,pollster,numeric_grade,pollscore,candidate_name,pct,state,date
1,YouGov,3.2491496179951356,-0.36845200695097446,Kamala Harris,48.19413958565396,Pennsylvania,2024-08-27
2,RMG Research,3.5659367804182693,2.4890750469639897,Kamala Harris,51.30845943213106,Texas,2024-09-10
7,Ipsos,4.5300539339659736,0.3109179912135005,Kamala Harris,50.52781809164631,Wisconsin,2024-09-26
8,RMG Research,4.651046700659208,0.40195345785468817,Kamala Harris,54.46275140503966,Florida,2024-07-03
10,CBS News,3.493963818415068,-0.3436162918806076,Kamala Harris,52.214721265537115,Pennsylvania,2024-07-27
14,Other,3.880033751321025,-0.5108970925211906,Kamala Harris,54.55393598182601,Florida,2024-07-02
18,RMG Research,4.99185426493641,-0.7509533250704408,Kamala Harris,51.63232524234824,Arizona,2024-07-19
19,Ipsos,3.3744303938234226,-0.8361944500356913,Kamala Harris,52.17572887151707,Arizona,2024-07-22
21,Napolitan News,4.147234744601883,-1.0767816696316004,Kamala Harris,46.65803604695435,Michigan,2024-07-06
23,Napolitan News,4.7497148520778865,1.8841036055237055,Kamala Harris,53.22781195585045,Michigan,2024-09-24
25,Ipsos,3.3002849525539206,-0.9495710385963321,Kamala Harris,51.3219294444892,Wisconsin,2024-07-15
26,RMG Research,3.799028270854615,-0.5305122090503573,Kamala Harris,51.40954284136156,Arizona,2024-08-17
28,YouGov,3.7588751654140653,-0.015427999198436737,Kamala Harris,40.68181174610934,Wisconsin,2024-07-21
32,Ipsos,3.8512829760089518,-1.213557731360197,Kamala Harris,55.5128946873273,Michigan,2024-09-23
33,CBS News,4.316685564955696,-0.40450104232877493,Kamala Harris,51.17280168641784,Wisconsin,2024-09-09
34,CBS News,3.642692715325393,0.9235082576051354,Kamala Harris,56.960878976776556,Pennsylvania,2024-09-01
35,RMG Research,3.3525630038231613,-0.3751858789473772,Kamala Harris,53.200345374824366,Michigan,2024-07-12
36,Other,4.04105401840061,-0.8796600811183453,Kamala Harris,50.013224493411705,Florida,2024-09-11
38,CBS News,3.6886725357268006,2.4200202943757176,Kamala Harris,56.80498349075585,Arizona,2024-07-19
39,RMG Research,4.8981589377392085,1.5987008037045598,Kamala Harris,58.271824021075545,Texas,2024-08-22
40,SurveyMonkey,3.3100102105876434,1.2652231259271502,Kamala Harris,55.28376486080821,Arizona,2024-07-23
43,YouGov,3.3354880063561723,-0.9063919587060809,Kamala Harris,48.10953542716956,Michigan,2024-07-03
44,SurveyMonkey,3.2451167335500943,1.4956509498879313,Kamala Harris,63.97528015341537,Wisconsin,2024-08-10
45,Ipsos,3.714743945398368,1.4705235753208399,Kamala Harris,51.899391621582346,Pennsylvania,2024-08-02
46,SurveyMonkey,4.043082178663463,0.5293915662914515,Kamala Harris,43.97575813356036,Wisconsin,2024-09-27
47,Other,4.194544283044524,2.228587197139859,Kamala Harris,57.275362590497835,Florida,2024-08-22
50,YouGov,4.689254191564396,1.3662082254886627,Kamala Harris,63.649014755015294,Arizona,2024-09-21
51,Ipsos,3.0410830324748535,-0.8635112876072526,Kamala Harris,54.55705418172709,Pennsylvania,2024-07-29
52,Ipsos,3.4646487682126463,0.3296837965026498,Kamala Harris,54.33572725315084,Arizona,2024-09-27
55,SurveyMonkey,3.725847458001226,-1.2130601964890957,Kamala Harris,58.7838949230934,Florida,2024-07-16
58,Napolitan News,3.570605356502347,0.737567818723619,Kamala Harris,45.02554861175805,Florida,2024-08-26
59,Ipsos,4.069024016754701,-0.5336709972470999,Kamala Harris,43.23973328613793,Arizona,2024-07-10
60,YouGov,4.733098008995876,2.115794158540666,Kamala Harris,45.597403277103524,Texas,2024-09-05
61,RMG Research,4.176611739443615,-0.429521475918591,Kamala Harris,52.67896893264915,Arizona,2024-08-18
62,CBS News,4.64634129377082,1.5122855743393302,Kamala Harris,50.67545456330823,Wisconsin,2024-07-11
63,Ipsos,4.54328008426819,2.1228811237961054,Kamala Harris,52.872296219878315,Texas,2024-07-18
64,SurveyMonkey,4.607674922863953,-0.31989487167447805,Kamala Harris,59.113746020469335,Wisconsin,2024-08-23
66,YouGov,3.538769306102768,1.497444188222289,Kamala Harris,51.89280182364451,Michigan,2024-08-26
68,Napolitan News,4.7172143493779,0.37602022010833025,Kamala Harris,57.031815476594325,Texas,2024-07-10
70,CBS News,3.777086788159795,-1.160211319103837,Kamala Harris,52.92991188439284,Florida,2024-07-07
72,YouGov,3.4502272182144225,1.4592700451612473,Kamala Harris,53.33858273230477,Florida,2024-07-18
73,CBS News,3.0197082317899913,0.8958496013656259,Kamala Harris,55.6694555297192,Michigan,2024-09-04
75,Napolitan News,4.034418441634625,2.3127862764522433,Kamala Harris,47.290622422968255,Pennsylvania,2024-08-09
76,RMG Research,3.735691532958299,-0.24626375082880259,Kamala Harris,63.15315940060478,Michigan,2024-08-16
77,CBS News,4.373434796184301,1.4412083877250552,Kamala Harris,49.87589483905724,Pennsylvania,2024-09-21
83,Ipsos,4.975936564523726,1.108602775260806,Kamala Harris,50.966606633527256,Pennsylvania,2024-08-12
89,Napolitan News,3.3714336873497817,-0.31277792900800705,Kamala Harris,48.32198869471495,Texas,2024-09-17
90,CBS News,4.307723483792506,2.261754053644836,Kamala Harris,47.858469765960905,Michigan,2024-07-18
91,RMG Research,3.3761489246040584,2.260248953476548,Kamala Harris,50.64148946071458,Michigan,2024-07-04
92,YouGov,3.967649485869333,-0.5223728017881513,Kamala Harris,33.127283709747516,Pennsylvania,2024-07-24
93,Napolitan News,3.653126937290654,-0.22822769824415445,Kamala Harris,44.587098365894796,Texas,2024-07-31
94,Ipsos,3.4778940999647605,-1.397295894101262,Kamala Harris,48.18845109959587,Arizona,2024-09-02
96,SurveyMonkey,4.336372345034033,2.0104364650323987,Kamala Harris,46.949075148311636,Texas,2024-07-30
97,CBS News,4.465913318796083,-0.6405029464513063,Kamala Harris,48.71985154819705,Florida,2024-09-10
98,Napolitan News,3.680663720518351,0.20548143237829208,Kamala Harris,50.9158466376696,Michigan,2024-09-10
103,YouGov,4.376576134399511,0.9419656954705715,Kamala Harris,53.43235198136153,Michigan,2024-09-24
104,YouGov,3.5861720844171945,2.2718532849103212,Kamala Harris,50.67941484243817,Florida,2024-08-31
107,Other,3.8414629684993997,0.11721793003380299,Kamala Harris,47.06437984759475,Florida,2024-07-26
108,Napolitan News,3.630853192298673,1.1400935240089893,Kamala Harris,48.654976904771615,Pennsylvania,2024-08-27
109,CBS News,4.729429036052897,1.4034505495801568,Kamala Harris,45.689033014103984,Michigan,2024-07-23
119,Other,3.1463817814830692,1.3933643251657486,Kamala Harris,51.45704796604044,Texas,2024-07-24
124,Napolitan News,3.733938082610257,0.5434479769319296,Kamala Harris,36.440724498832736,Pennsylvania,2024-07-07
126,Other,4.532463276479393,1.105453584343195,Kamala Harris,54.79898723778224,Michigan,2024-09-08
127,Ipsos,4.057219296018593,-0.24153450038284063,Kamala Harris,43.556764431352924,Michigan,2024-09-19
128,SurveyMonkey,4.810441098478623,-1.053643735125661,Kamala Harris,48.075609970780704,Texas,2024-08-18
129,Napolitan News,4.681087104091421,0.9283536113798618,Kamala Harris,49.07249928911159,Texas,2024-09-04
131,RMG Research,3.4555178400594744,-0.34951601177453995,Kamala Harris,47.7710701230141,Arizona,2024-08-28
133,Ipsos,4.679595198133029,1.8717581322416663,Kamala Harris,47.56327065918859,Texas,2024-09-22
137,RMG Research,3.035297357966192,-0.45869039092212915,Kamala Harris,47.875674895311874,Texas,2024-07-22
138,RMG Research,3.508907093782909,1.9822967210784554,Kamala Harris,47.27753536713611,Pennsylvania,2024-07-10
139,SurveyMonkey,4.918531165877357,0.6590151973068714,Kamala Harris,50.16745664082901,Wisconsin,2024-08-27
140,Other,3.6243933550780643,0.9653495671227574,Kamala Harris,57.214608708423796,Wisconsin,2024-07-02
142,SurveyMonkey,3.9781672073062513,1.5888223461806774,Kamala Harris,49.78791457744133,Wisconsin,2024-08-04
143,Ipsos,4.806964875035919,0.3975253803655505,Kamala Harris,51.424198010349826,Arizona,2024-07-31
146,YouGov,4.285057504149154,1.9510614443570375,Kamala Harris,57.80286606073398,Pennsylvania,2024-09-23
148,SurveyMonkey,3.0935321718454363,1.7685198932886124,Kamala Harris,51.94739930922202,Michigan,2024-09-01
149,YouGov,3.6906839650357144,-0.8540082536637783,Kamala Harris,45.64125396381365,Florida,2024-09-10
150,YouGov,3.519847662863322,1.0003480352461338,Kamala Harris,56.508164475174894,Arizona,2024-07-09
153,YouGov,3.624759438610636,0.5544121963903308,Kamala Harris,53.47056872564793,Texas,2024-09-11
155,Other,4.031484356150031,-0.8695873906835914,Kamala Harris,50.58058818766695,Florida,2024-07-20
157,CBS News,3.5687802045140415,-0.713281923905015,Kamala Harris,49.361474770444296,Pennsylvania,2024-09-09
158,Napolitan News,3.5371816921047867,0.07278040144592524,Kamala Harris,56.23504275820121,Florida,2024-07-11
161,YouGov,4.496061379113234,2.108869063667953,Kamala Harris,44.5417667334105,Texas,2024-08-20
164,Napolitan News,4.321770144323819,0.5541899809613824,Kamala Harris,54.62681540670819,Florida,2024-07-29
165,CBS News,3.1585388638312,-1.4288895027711987,Kamala Harris,39.85369485942037,Michigan,2024-07-28
166,SurveyMonkey,4.546831210097298,-1.0986509257927537,Kamala Harris,44.33890446688188,Michigan,2024-08-21
167,CBS News,4.95671304599382,2.483575202524662,Kamala Harris,44.10986652196355,Wisconsin,2024-07-08
168,Other,4.72316042908933,-0.5434115007519722,Kamala Harris,51.44635475601963,Texas,2024-08-16
173,Ipsos,4.124120043590665,2.2533091017976403,Kamala Harris,44.72881379176317,Pennsylvania,2024-08-02
176,Napolitan News,3.699944719672203,1.7377272313460708,Kamala Harris,49.37137527494387,Florida,2024-07-11
177,SurveyMonkey,4.360312481364235,0.032090675085783005,Kamala Harris,59.1058405265033,Pennsylvania,2024-07-19
178,RMG Research,4.99856195782777,-1.4241867400705814,Kamala Harris,47.08272557294469,Arizona,2024-08-21
179,CBS News,3.055058728763834,1.7900782618671656,Kamala Harris,51.43085927492487,Wisconsin,2024-08-08
180,Ipsos,4.726568533456884,-0.2380564259365201,Kamala Harris,44.627560666208005,Texas,2024-08-24
181,YouGov,4.392005996545777,1.164613020606339,Kamala Harris,45.886448319056555,Pennsylvania,2024-07-18
186,RMG Research,3.1792654633522037,-0.10437183454632759,Kamala Harris,53.77378369945973,Arizona,2024-08-11
187,SurveyMonkey,3.4811500465264547,1.458773460239172,Kamala Harris,46.19288773638239,Michigan,2024-09-15
188,CBS News,4.516300401161425,1.555615857243538,Kamala Harris,50.65432543876461,Texas,2024-09-01
189,CBS News,4.3553905467037115,2.1837671855464578,Kamala Harris,40.996986397439,Arizona,2024-08-19
190,SurveyMonkey,3.4681837965967137,1.073825754225254,Kamala Harris,52.59070448617336,Florida,2024-09-07
191,SurveyMonkey,4.366496473923325,-0.5383089622482657,Kamala Harris,57.04198862532911,Michigan,2024-09-03
192,SurveyMonkey,4.525857443572022,-0.04655745159834623,Kamala Harris,47.152300275674854,Michigan,2024-08-02
194,CBS News,3.6373799586901443,-1.3663232838734984,Kamala Harris,55.12750654791971,Michigan,2024-07-31
195,SurveyMonkey,4.241550046741031,-0.33806763496249914,Kamala Harris,57.348700950672075,Michigan,2024-07-30
201,CBS News,3.297112361411564,-0.31442522536963224,Kamala Harris,48.517397933355895,Michigan,2024-08-29
203,Napolitan News,4.659606241807341,-0.3564469190314412,Kamala Harris,52.520581504830915,Wisconsin,2024-08-30
204,CBS News,4.639012479409575,-0.08158255461603403,Kamala Harris,50.97419602867195,Michigan,2024-08-18
206,Ipsos,3.7298191737616433,2.1710683433339,Kamala Harris,49.8613584692136,Texas,2024-09-13
209,RMG Research,4.343443609913811,1.2819417482241988,Kamala Harris,50.282787588442744,Michigan,2024-09-08
210,YouGov,4.878529558493756,-1.0879940753802657,Kamala Harris,48.6736062606348,Pennsylvania,2024-07-08
212,Ipsos,4.214679451403208,0.12207182962447405,Kamala Harris,44.558220100234784,Wisconsin,2024-09-21
213,RMG Research,4.811287095258012,1.3162388782948256,Kamala Harris,50.744554625947586,Wisconsin,2024-08-10
214,Ipsos,4.975376744009554,1.974779037758708,Kamala Harris,46.879851092372526,Texas,2024-09-07
218,Napolitan News,4.879156213928946,2.158868307247758,Kamala Harris,45.700261845353936,Wisconsin,2024-08-07
219,CBS News,3.1747280021896587,-0.09378699492663145,Kamala Harris,48.74143609251766,Arizona,2024-09-02
221,RMG Research,3.87998120971024,-0.7582785598933697,Kamala Harris,48.51102727836565,Wisconsin,2024-09-02
226,CBS News,3.1058421012014152,1.416064688935876,Kamala Harris,55.99111876878369,Florida,2024-09-06
227,YouGov,4.815942773036658,0.05897318758070469,Kamala Harris,48.05232239190148,Florida,2024-07-01
228,Other,4.077964132349007,2.168591607362032,Kamala Harris,59.61568638136808,Texas,2024-08-05
232,CBS News,4.107241800171323,-0.3313219966366887,Kamala Harris,56.957073793189764,Arizona,2024-09-21
234,Napolitan News,3.8251091194339097,1.1558526130393147,Kamala Harris,46.27902999599653,Florida,2024-08-09
235,Other,3.7771319557912646,0.1948000881820917,Kamala Harris,50.71910458640944,Pennsylvania,2024-07-16
236,RMG Research,3.541657027625479,-0.4553074277937412,Kamala Harris,42.60818431229381,Texas,2024-07-17
238,RMG Research,3.6173222433542835,-1.297837857156992,Kamala Harris,51.27933383728265,Wisconsin,2024-07-12
239,RMG Research,4.509818542678841,2.0064274556934834,Kamala Harris,53.367199200940156,Texas,2024-07-11
241,SurveyMonkey,3.6273470065090807,-1.4623919893056154,Kamala Harris,46.7698209982797,Wisconsin,2024-07-21
242,CBS News,3.7256513952976094,0.8060901025310159,Kamala Harris,50.699532158451916,Arizona,2024-08-15
243,YouGov,4.399288166337646,-0.12432204280048609,Kamala Harris,55.35844769147593,Arizona,2024-08-24
244,YouGov,4.573593297088519,-0.04017436597496271,Kamala Harris,55.51748739920157,Arizona,2024-08-23
245,Other,3.0120423960499467,1.2431478640064597,Kamala Harris,49.71848879292288,Wisconsin,2024-09-07
247,YouGov,4.455753274983726,1.5436921315267682,Kamala Harris,60.92801181764668,Florida,2024-07-21
250,CBS News,4.20878109477926,-0.1627657050266862,Kamala Harris,39.90689137192787,Wisconsin,2024-09-16
252,YouGov,4.032837794092484,1.0319272577762604,Kamala Harris,45.26113997919402,Arizona,2024-09-23
257,CBS News,3.8587363672442736,1.9147820034995675,Kamala Harris,49.57547687157755,Arizona,2024-07-31
260,RMG Research,3.6722836910514163,1.1415951373055577,Kamala Harris,50.764787976515784,Wisconsin,2024-08-16
262,Napolitan News,4.621062077605165,0.9958116970956326,Kamala Harris,53.19460400955894,Arizona,2024-07-19
263,Other,3.468189178477042,-0.717648328281939,Kamala Harris,57.72114939685815,Arizona,2024-08-01
266,YouGov,3.4152833761181682,-0.6862248815596104,Kamala Harris,48.73935673412916,Florida,2024-07-16
267,SurveyMonkey,4.340203592111356,0.22999803628772497,Kamala Harris,59.188432421966745,Michigan,2024-09-28
268,SurveyMonkey,4.597871130076237,1.8162574227899313,Kamala Harris,60.42740066224524,Wisconsin,2024-09-07
269,RMG Research,3.7103400368010626,0.34517168439924717,Kamala Harris,45.53348406503395,Wisconsin,2024-09-15
270,CBS News,3.991127048782073,0.6891474854201078,Kamala Harris,44.69067995149684,Arizona,2024-08-11
273,YouGov,3.1028863050509248,-0.3945821635425091,Kamala Harris,60.19441028530424,Wisconsin,2024-07-08
277,SurveyMonkey,3.1063639411702755,-0.9928673291578889,Kamala Harris,46.68217449999648,Michigan,2024-07-06
282,YouGov,3.080901882448234,-0.9389566425234079,Kamala Harris,48.29519881164833,Michigan,2024-08-13
283,Ipsos,3.1752920012921098,2.1589931789785624,Kamala Harris,46.59757110330641,Arizona,2024-07-19
284,Ipsos,4.357366930064745,-0.434057904407382,Kamala Harris,52.95550882763185,Wisconsin,2024-08-10
285,Other,4.096325673931278,2.051511383615434,Kamala Harris,52.90783305014468,Wisconsin,2024-08-08
286,RMG Research,3.112864456837997,2.374486481770873,Kamala Harris,53.251171291898935,Michigan,2024-08-03
287,SurveyMonkey,3.8115804169559855,-0.7889885725453496,Kamala Harris,46.660917756287496,Michigan,2024-09-09
289,Ipsos,4.790036881621927,1.2352888844907284,Kamala Harris,43.63616734931441,Arizona,2024-07-22
292,SurveyMonkey,4.466533512761816,1.9365081954747438,Kamala Harris,54.55736468892641,Pennsylvania,2024-09-29
293,Ipsos,4.919157298118807,1.3875962616875768,Kamala Harris,49.950282813534244,Arizona,2024-09-03
294,Other,4.220928223058581,-0.4116766443476081,Kamala Harris,46.322503081444715,Wisconsin,2024-09-28
295,CBS News,3.5806703857611866,0.6737913452088833,Kamala Harris,52.96951013160683,Michigan,2024-09-14
296,Napolitan News,3.099280502530746,0.3574675815179944,Kamala Harris,59.524662216324785,Pennsylvania,2024-08-05
297,Ipsos,3.212325810128823,1.6461647665128112,Kamala Harris,47.67048274337191,Michigan,2024-08-05
302,Other,3.363007766241208,-0.11891004629433155,Kamala Harris,41.32545288767008,Arizona,2024-08-29
304,CBS News,4.861642715311609,0.500565935857594,Kamala Harris,48.73502018271776,Texas,2024-09-02
305,Napolitan News,4.840042279963382,2.2407910004258156,Kamala Harris,54.74714693426908,Michigan,2024-07-21
306,Ipsos,4.923118306347169,-1.17720403149724,Kamala Harris,48.481963155844,Florida,2024-09-16
307,Other,3.403639156976715,2.1511609349399805,Kamala Harris,52.57032501358158,Arizona,2024-09-29
308,Other,4.07065607116092,-1.3782925065606833,Kamala Harris,49.873704193526954,Arizona,2024-08-29
311,SurveyMonkey,3.3155495636630805,-0.9015829162672162,Kamala Harris,50.80415678808664,Wisconsin,2024-09-20
312,SurveyMonkey,4.031984186638146,1.4788269009441137,Kamala Harris,46.776223333019104,Michigan,2024-08-20
313,Napolitan News,4.030770051036962,-1.1373579762876034,Kamala Harris,46.615381310420204,Michigan,2024-09-29
315,Ipsos,3.684747104137205,0.6726277936249971,Kamala Harris,43.326519247960945,Arizona,2024-09-29
316,Other,4.528791983705014,-0.5021317061036825,Kamala Harris,52.76581119070413,Texas,2024-08-28
317,Ipsos,4.127877156739123,-1.2877374636009336,Kamala Harris,45.91861227370993,Wisconsin,2024-07-05
322,CBS News,3.908186866412871,-0.4435828300192952,Kamala Harris,52.75517978756128,Arizona,2024-07-31
323,RMG Research,4.0028532519005235,-0.48673525266349316,Kamala Harris,48.9851503749356,Arizona,2024-07-03
324,CBS News,3.062336700689048,-1.3835172085091472,Kamala Harris,46.806607885302626,Florida,2024-09-15
325,RMG Research,3.0035925167379904,-1.0322362538427114,Kamala Harris,54.24119788463041,Texas,2024-07-04
326,CBS News,4.955061622173526,1.7607140159234405,Kamala Harris,45.24169558994815,Arizona,2024-08-17
327,Napolitan News,3.20909442154225,0.3632215466350317,Kamala Harris,56.74067971335855,Florida,2024-09-15
329,SurveyMonkey,4.402248821710236,0.5202097985893488,Kamala Harris,54.61276559678924,Wisconsin,2024-09-25
330,SurveyMonkey,3.4895497452933344,0.4943581661209464,Kamala Harris,52.108913991829446,Arizona,2024-09-23
331,YouGov,4.334466593363322,-1.4804595727473497,Kamala Harris,41.0714238780667,Wisconsin,2024-08-27
332,RMG Research,4.550523500773124,2.4670035587623715,Kamala Harris,48.45371554924843,Wisconsin,2024-09-28
334,SurveyMonkey,4.6415078436490145,0.858040502294898,Kamala Harris,54.47532552134069,Texas,2024-07-07
335,CBS News,3.936635287688114,0.8636262649670243,Kamala Harris,45.933422360429894,Florida,2024-08-18
336,CBS News,3.075434259930626,2.2714825831353664,Kamala Harris,44.33849668039895,Wisconsin,2024-08-22
338,SurveyMonkey,3.4541280843317512,-0.050264956429600716,Kamala Harris,49.44575143768831,Florida,2024-08-14
339,YouGov,4.795184827945195,1.18438084051013,Kamala Harris,47.845606601942535,Wisconsin,2024-08-04
340,YouGov,3.068499010964297,-1.1899532927200198,Kamala Harris,43.641766113843246,Arizona,2024-08-06
341,RMG Research,4.187104590702802,0.3712778892368078,Kamala Harris,51.05332027823651,Michigan,2024-07-13
342,SurveyMonkey,3.169388838997111,2.216380402445793,Kamala Harris,52.927038748211864,Texas,2024-07-16
346,YouGov,4.963374516833573,1.4964720839634538,Kamala Harris,51.47943967077716,Wisconsin,2024-08-23
347,Other,4.2455134829739105,-0.22576953563839197,Kamala Harris,51.54648636042664,Michigan,2024-07-22
348,CBS News,4.6053864798741415,-1.1062089651823044,Kamala Harris,53.38097217396526,Michigan,2024-09-06
349,CBS News,4.928542043245398,1.6226133480668068,Kamala Harris,49.39499214950771,Michigan,2024-07-01
351,Napolitan News,4.960938155138865,1.107691815122962,Kamala Harris,50.9368576866089,Florida,2024-08-30
352,Other,4.826551894866862,-0.45988446939736605,Kamala Harris,50.39128045935288,Wisconsin,2024-07-02
355,Ipsos,4.383683513035066,-0.5312574552372098,Kamala Harris,49.92902269953354,Pennsylvania,2024-07-21
356,YouGov,4.51880568198394,1.0390374111011624,Kamala Harris,54.55599976056789,Pennsylvania,2024-08-03
359,Napolitan News,3.5031259823590517,0.6238615736365318,Kamala Harris,52.766218144487716,Texas,2024-08-06
360,SurveyMonkey,3.3670276586664842,-1.261155086569488,Kamala Harris,50.90565008424357,Michigan,2024-07-24
362,YouGov,4.424450721009634,0.4936248166486621,Kamala Harris,47.81298868050435,Florida,2024-09-01
363,YouGov,4.731488269311376,-0.5643276078626513,Kamala Harris,49.39007553201471,Florida,2024-07-20
365,SurveyMonkey,4.34089899584651,1.2615498965606093,Kamala Harris,60.31985577670929,Pennsylvania,2024-09-28
367,CBS News,3.472613926464692,0.5534847294911742,Kamala Harris,45.38858202633699,Florida,2024-09-29
369,YouGov,3.9763952009845527,-1.1373416278511286,Kamala Harris,46.849695268092034,Arizona,2024-09-06
377,Other,4.606175499409437,-0.5083833783864975,Kamala Harris,47.403336120460814,Michigan,2024-09-02
380,Ipsos,3.1212403216399256,1.8806554162874818,Kamala Harris,42.02915022230308,Florida,2024-09-03
381,Ipsos,3.335483750654385,-0.48548580799251795,Kamala Harris,46.57333827057965,Wisconsin,2024-07-31
385,Napolitan News,4.22031261252705,2.0349185122177005,Kamala Harris,58.359017635796306,Pennsylvania,2024-08-08
386,Ipsos,4.9677705330774184,0.810924164019525,Kamala Harris,51.75780459278374,Pennsylvania,2024-08-30
387,Napolitan News,3.0336361203808337,1.6078940071165562,Kamala Harris,43.64399191727037,Pennsylvania,2024-07-04
388,RMG Research,3.7934106363216413,-1.013386918231845,Kamala Harris,55.60716386610236,Florida,2024-07-16
389,Other,3.113609635201283,-0.2745581855997443,Kamala Harris,40.861633720853504,Pennsylvania,2024-08-17
392,Napolitan News,3.2248242895118895,0.9406843092292547,Kamala Harris,52.312649318197536,Texas,2024-09-02
393,RMG Research,3.453109030914493,1.3554252106696367,Kamala Harris,54.61396408681989,Texas,2024-07-24
397,SurveyMonkey,3.215295844431967,2.261327000334859,Kamala Harris,49.50366704797923,Texas,2024-07-12
402,Other,4.757523151277565,0.7348009897395968,Kamala Harris,48.36010197471198,Michigan,2024-08-15
404,CBS News,4.0576352655654775,2.223190656863153,Kamala Harris,52.94565570447062,Michigan,2024-09-08
405,RMG Research,3.402762170741335,-0.07399373780936003,Kamala Harris,52.50462090458804,Pennsylvania,2024-07-17
406,Napolitan News,4.869190218765288,0.8088384298607707,Kamala Harris,50.654753894351394,Florida,2024-07-21
408,Ipsos,3.4767051022965463,0.8878200259059668,Kamala Harris,50.72822156590311,Pennsylvania,2024-07-04
410,Other,4.130347138852812,1.1999400304630399,Kamala Harris,53.95378031656574,Michigan,2024-07-14
414,YouGov,3.2365319179138172,0.16924380790442228,Kamala Harris,50.8809203243214,Pennsylvania,2024-08-16
415,Ipsos,4.368380256276578,0.10974766500294209,Kamala Harris,62.076460216781356,Texas,2024-09-15
416,SurveyMonkey,4.388415298098698,-0.23815288301557302,Kamala Harris,61.510635447062846,Texas,2024-08-18
419,Other,4.516561159957201,1.9438834246248007,Kamala Harris,45.61203131118535,Arizona,2024-08-04
423,Other,3.034923830837943,-1.3924231631681323,Kamala Harris,51.78649759537209,Florida,2024-08-14
424,Ipsos,3.660062193218619,2.2810217421501875,Kamala Harris,49.677203798582,Texas,2024-07-22
426,RMG Research,4.9641362055204805,-0.8013455243781209,Kamala Harris,44.77467967291401,Arizona,2024-07-26
428,Ipsos,4.947741013439372,2.3108427030965686,Kamala Harris,49.55599077662499,Pennsylvania,2024-09-21
430,Napolitan News,4.42116826614365,2.3845514794811606,Kamala Harris,47.40092838778311,Texas,2024-07-18
433,YouGov,3.7186020086985083,0.6788406828418374,Kamala Harris,46.623553696959064,Arizona,2024-07-04
434,Other,3.6393176192883403,-0.08914731536060572,Kamala Harris,48.2107079928259,Texas,2024-08-05
435,Ipsos,3.5206853640498594,0.7243749657645822,Kamala Harris,52.54777320197494,Pennsylvania,2024-07-11
436,SurveyMonkey,4.819198206579313,2.038054710254073,Kamala Harris,55.4923952085466,Michigan,2024-07-21
437,Ipsos,3.1711783142061907,2.145513316616416,Kamala Harris,48.82681094514531,Arizona,2024-08-06
438,CBS News,3.2050022459123286,0.20624836068600416,Kamala Harris,47.29472447858115,Texas,2024-07-12
439,RMG Research,4.961315087578259,-0.29357988480478525,Kamala Harris,54.01304023880395,Texas,2024-08-25
440,CBS News,3.464299247483723,0.6818716041743755,Kamala Harris,45.19581558524299,Arizona,2024-09-19
441,SurveyMonkey,3.2553796066204086,0.2629081914201379,Kamala Harris,49.68195818383183,Arizona,2024-09-26
442,YouGov,4.873086159792729,-0.731052465736866,Kamala Harris,47.378383131284515,Texas,2024-09-28
443,YouGov,3.752515882602893,-0.1273918431252241,Kamala Harris,43.80920811632983,Pennsylvania,2024-07-05
447,RMG Research,3.8265374222770334,0.5387071510776877,Kamala Harris,46.925069467114454,Florida,2024-08-07
448,Ipsos,4.001797098852694,-1.2661877879872918,Kamala Harris,51.75654198146864,Florida,2024-09-21
450,SurveyMonkey,4.981736090010964,-1.0014126095920801,Kamala Harris,51.984601691603025,Pennsylvania,2024-08-17
455,CBS News,4.853159595793113,-0.10567681211978197,Kamala Harris,52.58243291866995,Florida,2024-09-14
456,CBS News,4.601408500247635,-0.9037466924637556,Kamala Harris,53.925348635226335,Florida,2024-08-07
457,RMG Research,4.025473826681264,0.38421857357025146,Kamala Harris,47.592790127085934,Wisconsin,2024-07-11
459,Ipsos,4.252585733728483,-1.1232644459232688,Kamala Harris,53.47690559003709,Florida,2024-07-30
460,SurveyMonkey,4.904201348824427,2.0646957280114293,Kamala Harris,51.30989928331015,Pennsylvania,2024-09-17
462,CBS News,3.0276606529252605,2.2113434923812747,Kamala Harris,52.68697665837597,Florida,2024-09-01
463,RMG Research,3.880397695489228,2.4483002461493015,Kamala Harris,40.06580874877916,Pennsylvania,2024-09-04
464,YouGov,3.243726982106455,0.4721145546063781,Kamala Harris,45.29214069793204,Michigan,2024-07-01
466,YouGov,3.3749822871759534,-0.4147327896207571,Kamala Harris,43.58150649155338,Florida,2024-07-28
469,Ipsos,3.6619945035316053,0.3384316200390458,Kamala Harris,42.29787658080976,Texas,2024-07-27
472,YouGov,3.7529251004336404,0.6368909562006593,Kamala Harris,49.74698599739875,Florida,2024-08-21
473,YouGov,3.329519744194113,1.9633783688768744,Kamala Harris,45.77227196677321,Arizona,2024-09-16
474,YouGov,4.834665213874541,1.829904966056347,Kamala Harris,50.04329981982891,Wisconsin,2024-08-17
477,Ipsos,4.073015540512278,0.9300944833084941,Kamala Harris,50.48230849421244,Wisconsin,2024-08-31
479,RMG Research,3.2035662847338244,0.8065691739320755,Kamala Harris,53.23226702062236,Texas,2024-08-14
480,Other,4.531182220811024,-0.3249672334641218,Kamala Harris,49.1040737044018,Texas,2024-08-10
481,Napolitan News,4.263331025699154,1.6364023713395,Kamala Harris,52.72230681420967,Texas,2024-08-12
482,YouGov,4.314658126025461,-1.1923740860074759,Kamala Harris,59.07477400099458,Arizona,2024-08-19
483,Ipsos,4.873929315153509,-0.4658435368910432,Kamala Harris,48.899362876662806,Florida,2024-08-05
485,SurveyMonkey,4.198937159054912,0.8400948280468583,Kamala Harris,46.336145089479274,Michigan,2024-08-26
488,YouGov,3.986623996309936,1.4284746758639812,Kamala Harris,59.35854459951751,Texas,2024-08-16
489,Other,3.4270125668495894,-0.2697605900466442,Kamala Harris,51.84230546081337,Wisconsin,2024-09-27
491,Ipsos,3.272769823228009,-0.7162751173600554,Kamala Harris,52.85914460619728,Florida,2024-08-06
492,Other,4.8456189152784646,-0.9517245730385184,Kamala Harris,63.88252073583945,Wisconsin,2024-07-03
498,SurveyMonkey,4.9178423141129315,1.6282811844721437,Kamala Harris,41.662750729629636,Michigan,2024-07-03
500,CBS News,4.785639308649115,-0.3788238326087594,Kamala Harris,47.56067694998542,Wisconsin,2024-09-14
501,SurveyMonkey,3.2822924612322826,-0.13970995508134365,Kamala Harris,45.730771226932355,Pennsylvania,2024-09-08
505,Ipsos,4.383335319301113,1.031167572364211,Kamala Harris,55.92636250004933,Arizona,2024-09-19
506,YouGov,3.0429217350203546,0.2679150868207216,Kamala Harris,48.38738579373943,Arizona,2024-08-07
507,RMG Research,4.097733877459541,2.1828835010528564,Kamala Harris,48.11660150307732,Arizona,2024-08-11
508,Ipsos,3.450874747312628,-0.9952932149171829,Kamala Harris,52.73416312545733,Michigan,2024-08-19
509,Other,3.554429784230888,-1.4436004413291812,Kamala Harris,54.96409776010327,Texas,2024-07-14
510,RMG Research,3.8908726874738933,1.9590010335668921,Kamala Harris,50.096923641477616,Florida,2024-07-16
512,Napolitan News,4.025553141674027,1.9074442507699132,Kamala Harris,56.097699739009606,Pennsylvania,2024-07-22
513,RMG Research,4.171329807327129,0.8356998832896352,Kamala Harris,50.85933787279987,Arizona,2024-08-23
514,SurveyMonkey,4.134703211369924,-0.1535821696743369,Kamala Harris,48.362619200113045,Texas,2024-09-16
516,Ipsos,3.5736113615799696,-0.9666351666674018,Kamala Harris,49.57905879531269,Michigan,2024-08-19
517,SurveyMonkey,4.157699112594128,0.11467019096016884,Kamala Harris,49.40325305161806,Pennsylvania,2024-09-04
518,Ipsos,4.769336100132205,2.1044250018894672,Kamala Harris,45.59672379716141,Michigan,2024-08-31
519,SurveyMonkey,3.9869790370808915,0.6939300308004022,Kamala Harris,45.36404303328042,Michigan,2024-08-30
521,RMG Research,4.289026360819117,2.060151689685881,Kamala Harris,49.836317828855705,Texas,2024-09-21
522,Other,4.619232718111016,1.7304656030610204,Kamala Harris,47.89448464687634,Florida,2024-07-15
523,YouGov,3.8453993159346282,-1.0264470037072897,Kamala Harris,36.316239497645,Wisconsin,2024-08-21
524,Napolitan News,4.405695097264834,-1.3245265632867813,Kamala Harris,46.84569580841657,Michigan,2024-07-31
525,SurveyMonkey,4.701759231486358,-0.7811355926096439,Kamala Harris,50.183120310840884,Texas,2024-07-25
526,CBS News,3.3015668409410868,1.3447399968281388,Kamala Harris,50.24377073749063,Wisconsin,2024-07-08
527,Other,3.099830985884182,0.714599808678031,Kamala Harris,44.06661653526443,Arizona,2024-07-18
528,CBS News,4.466262422897853,0.16616204008460045,Kamala Harris,55.136198298965255,Texas,2024-09-03
531,SurveyMonkey,4.794447751855477,2.179500412195921,Kamala Harris,53.89632324703479,Pennsylvania,2024-07-31
533,Ipsos,3.8678788088727742,-1.2986178398132324,Kamala Harris,46.72648189902821,Florida,2024-07-03
534,Napolitan News,4.071455472637899,1.8349205991253257,Kamala Harris,42.61225669225833,Florida,2024-08-11
535,YouGov,4.155970713426359,1.7527738362550735,Kamala Harris,49.59836955809391,Michigan,2024-07-15
537,RMG Research,3.336522570298985,1.998596795834601,Kamala Harris,54.99301914658173,Texas,2024-07-25
539,RMG Research,3.1557984151877463,0.05279460363090038,Kamala Harris,45.449695410253725,Wisconsin,2024-08-27
541,Napolitan News,3.661348728230223,1.1039900593459606,Kamala Harris,54.38622802620674,Arizona,2024-08-21
542,Other,4.933303648745641,2.4640156300738454,Kamala Harris,50.17363448089751,Florida,2024-07-06
543,RMG Research,4.5971689451718705,-0.19983477611094713,Kamala Harris,45.35951911769391,Wisconsin,2024-08-06
544,Ipsos,3.494865744444542,-1.3797580311074853,Kamala Harris,54.13718654857659,Texas,2024-09-16
546,Napolitan News,4.54273490246851,1.8429693765938282,Kamala Harris,45.05761923339928,Florida,2024-08-24
548,SurveyMonkey,3.0827083403011786,0.9768030438572168,Kamala Harris,58.7174672981002,Michigan,2024-08-27
549,Other,3.3520567857660355,1.017380871810019,Kamala Harris,52.94821732575588,Florida,2024-09-05
551,Ipsos,3.741448217071593,-0.2746284045279026,Kamala Harris,53.26671399264347,Pennsylvania,2024-08-26
553,YouGov,3.576992451050319,2.4739415645599365,Kamala Harris,42.17099049369647,Texas,2024-07-19
554,SurveyMonkey,4.461137439799495,-1.4327633855864406,Kamala Harris,48.72717527912841,Wisconsin,2024-08-30
557,Ipsos,4.666768897976726,-1.146783659234643,Kamala Harris,58.88867103521134,Wisconsin,2024-08-16
560,Napolitan News,4.359930675779469,1.727203761227429,Kamala Harris,52.717617971257674,Pennsylvania,2024-08-06
562,Ipsos,3.0329167011426765,2.2282149996608496,Kamala Harris,44.939852534437534,Wisconsin,2024-07-15
565,Ipsos,4.863704056874849,-0.5912435604259372,Kamala Harris,51.820605239332,Florida,2024-08-23
567,Ipsos,4.247230775654316,0.059375690296292305,Kamala Harris,48.78436369626115,Wisconsin,2024-09-19
568,Ipsos,3.523004697961733,1.1608711602166295,Kamala Harris,45.48569507662147,Michigan,2024-08-06
570,CBS News,3.413284921157174,-1.424022926017642,Kamala Harris,52.88470493711115,Pennsylvania,2024-08-04
572,SurveyMonkey,3.7509466253686696,-0.5008857017382979,Kamala Harris,48.55854765074616,Texas,2024-09-28
578,Other,3.9711733676027507,1.6380391484126449,Kamala Harris,49.13392584388443,Michigan,2024-07-09
579,CBS News,4.252220602333546,-1.3536148015409708,Kamala Harris,52.98814988961346,Wisconsin,2024-08-07
582,Other,4.147322983341292,1.7286706222221255,Kamala Harris,37.39065636949408,Pennsylvania,2024-07-08
583,RMG Research,3.636070488835685,-0.13592795841395855,Kamala Harris,56.402376157534036,Texas,2024-07-30
585,Napolitan News,4.382340518082492,-0.6404716968536377,Kamala Harris,45.787043424415636,Arizona,2024-09-17
587,Napolitan News,3.1412922700634227,1.099147543311119,Kamala Harris,50.07517473687827,Texas,2024-09-13
588,RMG Research,3.1749469451140615,-0.557930582202971,Kamala Harris,50.25975991747483,Florida,2024-09-12
591,Napolitan News,4.4403583982726555,-1.0336191803216934,Kamala Harris,48.28567964318778,Michigan,2024-08-15
593,RMG Research,4.575413357443177,0.4289556220173836,Kamala Harris,49.824669367468296,Wisconsin,2024-07-29
595,RMG Research,3.6740320262033492,0.1949871638789773,Kamala Harris,45.79893028485999,Pennsylvania,2024-08-08
596,Napolitan News,3.1483987613581124,-1.3516504876315594,Kamala Harris,48.782954070682756,Michigan,2024-08-27
597,Ipsos,3.5002628921763974,1.3573359763249755,Kamala Harris,56.318570136688756,Pennsylvania,2024-08-26
598,Ipsos,3.890690393815748,-1.366793503984809,Kamala Harris,53.738930012031666,Pennsylvania,2024-09-08
599,YouGov,3.9077937717316673,-0.5482787219807506,Kamala Harris,48.33627130490547,Pennsylvania,2024-07-05
600,YouGov,4.173090384784155,-0.30077676195651293,Kamala Harris,49.531146038813,Michigan,2024-07-09
601,Other,3.2812142237322406,0.8618045905604959,Kamala Harris,50.80189503648027,Texas,2024-08-09
602,Napolitan News,3.6584268057951705,-1.2378120310604572,Kamala Harris,60.806107812135444,Texas,2024-07-24
603,CBS News,4.150911638815887,-1.2217337898910046,Kamala Harris,48.73479402737373,Texas,2024-08-13
606,Ipsos,3.5478682059096176,1.0785556444898248,Kamala Harris,47.54966745591341,Texas,2024-09-28
609,SurveyMonkey,4.52988346866332,-0.2948653372004628,Kamala Harris,45.41044416849067,Texas,2024-07-05
615,RMG Research,3.3199309668969366,1.9985308172181249,Kamala Harris,48.77946126815875,Wisconsin,2024-09-13
617,Napolitan News,3.338265419146046,1.6566217746585608,Kamala Harris,41.7791658840347,Pennsylvania,2024-09-14
620,Napolitan News,3.752475401223637,-0.9538161270320415,Kamala Harris,50.012523220572994,Texas,2024-09-07
622,CBS News,4.85713255982846,0.762653105892241,Kamala Harris,39.35428017367876,Florida,2024-07-28
623,YouGov,4.943961213924922,0.8912826320156455,Kamala Harris,57.38209566594222,Florida,2024-09-10
628,Other,3.192120976140723,2.3393340557813644,Kamala Harris,51.23365048022192,Pennsylvania,2024-07-11
629,Other,3.0228064592694865,-1.0339815244078636,Kamala Harris,54.330473274538114,Florida,2024-09-08
631,SurveyMonkey,4.600015424890444,-1.459946564398706,Kamala Harris,47.25440842375875,Pennsylvania,2024-07-08
632,Napolitan News,3.1443943371530625,-0.2007009955123067,Kamala Harris,48.06104476548511,Michigan,2024-07-13
634,SurveyMonkey,4.078289603302255,0.20572658348828554,Kamala Harris,40.26415826975478,Arizona,2024-08-29
635,Ipsos,4.278724838350899,1.7062551928684115,Kamala Harris,53.087209600585645,Michigan,2024-08-15
640,YouGov,3.895009418646805,0.031593672931194305,Kamala Harris,51.46688137969383,Michigan,2024-09-02
641,RMG Research,4.4406916764331985,2.0834325831383467,Kamala Harris,59.85721975756534,Wisconsin,2024-08-29
643,SurveyMonkey,4.226190263638273,0.04579312913119793,Kamala Harris,53.07644924460646,Texas,2024-08-08
647,Napolitan News,3.0772068274673074,-1.187495592981577,Kamala Harris,49.716960839207346,Wisconsin,2024-07-10
649,YouGov,3.55861103720963,1.9996718857437372,Kamala Harris,48.095939080417395,Arizona,2024-07-30
651,CBS News,3.063359676720575,-0.9560850653797388,Kamala Harris,44.00846413063452,Florida,2024-09-01
652,YouGov,3.5022400081157685,1.837914359755814,Kamala Harris,41.244041020792494,Texas,2024-07-29
653,Napolitan News,4.039889013743959,-0.9338277485221624,Kamala Harris,45.70734767288633,Arizona,2024-08-17
654,CBS News,3.8646799504058436,2.4638611972332,Kamala Harris,56.56145980733547,Arizona,2024-08-16
655,SurveyMonkey,4.125337415817194,0.5599494492635131,Kamala Harris,56.89746209048993,Florida,2024-09-04
657,SurveyMonkey,3.2471768884221093,2.402833470143378,Kamala Harris,55.768783558814015,Michigan,2024-08-28
658,Ipsos,3.632785052782856,1.1527940863743424,Kamala Harris,51.5028889070498,Texas,2024-09-19
660,SurveyMonkey,4.2441990007413555,-0.05005954299122095,Kamala Harris,50.748651520403484,Arizona,2024-08-01
661,Ipsos,3.0435895305126905,0.3602633811533451,Kamala Harris,44.63807785265235,Arizona,2024-08-28
662,CBS News,4.892789016431197,2.021158467978239,Kamala Harris,46.78944868165792,Michigan,2024-07-19
667,Napolitan News,3.533095866558142,-0.34661559853702784,Kamala Harris,47.24221628328538,Wisconsin,2024-09-27
668,RMG Research,3.8616464854218067,1.333217917010188,Kamala Harris,50.58870562672257,Michigan,2024-07-26
670,YouGov,4.826359904184938,1.2409543488174677,Kamala Harris,47.12061872933152,Arizona,2024-08-05
674,Napolitan News,3.1397998896427453,1.4714646618813276,Kamala Harris,48.517804832939056,Michigan,2024-07-12
676,CBS News,4.532948484853842,-0.9036124665290117,Kamala Harris,43.15861789609758,Arizona,2024-08-29
678,Other,4.72065543262288,2.0985591914504766,Kamala Harris,47.80752120876886,Arizona,2024-07-19
679,Ipsos,3.0011884490028025,1.5942960446700454,Kamala Harris,48.73829413925009,Wisconsin,2024-08-22
680,RMG Research,3.3199129421496765,0.5555572332814336,Kamala Harris,43.576139856429734,Florida,2024-09-18
681,SurveyMonkey,3.5096563843311746,-0.4367773933336139,Kamala Harris,41.34318632613295,Pennsylvania,2024-08-14
682,YouGov,3.1157760862261057,-0.9465158060193062,Kamala Harris,52.4117612967555,Texas,2024-07-15
683,CBS News,3.451321372156963,-1.49165765568614,Kamala Harris,50.913881258946226,Michigan,2024-09-11
684,YouGov,3.6634568825131284,1.4711952973157167,Kamala Harris,53.45014763228824,Michigan,2024-09-10
685,RMG Research,4.908218084950931,1.3982592839747667,Kamala Harris,41.82092380530614,Arizona,2024-08-20
688,Ipsos,3.124627600540407,-1.0737512232735753,Kamala Harris,48.077772321172155,Florida,2024-09-15
689,Ipsos,3.4936269775033,-1.0544563056901097,Kamala Harris,59.55279100111264,Arizona,2024-07-29
690,Other,3.4373146087629722,-0.6618039738386869,Kamala Harris,50.192139879108886,Texas,2024-08-21
693,Napolitan News,4.650226437835954,-0.4965391783043742,Kamala Harris,52.429643290194704,Arizona,2024-08-27
696,CBS News,3.9363785452209417,2.0238351160660386,Kamala Harris,40.993541915756914,Arizona,2024-09-26
699,Other,3.487330684112385,-0.30471150297671556,Kamala Harris,53.672493778032234,Wisconsin,2024-07-05
703,RMG Research,3.7932993684895338,0.6839492553845048,Kamala Harris,46.05658140516894,Arizona,2024-09-17
704,Napolitan News,4.486722511705011,-0.2898037424311042,Kamala Harris,46.786170589217825,Texas,2024-08-04
707,Napolitan News,4.542687358241528,0.25662136264145374,Kamala Harris,51.96717188287146,Wisconsin,2024-07-17
711,SurveyMonkey,3.596000706148334,0.5188915887847543,Kamala Harris,54.31815603450378,Wisconsin,2024-07-16
712,Ipsos,4.4177760214544834,0.23173475824296474,Kamala Harris,38.41050366794681,Pennsylvania,2024-09-25
713,Napolitan News,4.310647578793578,-0.8473996417596936,Kamala Harris,49.4939422208484,Texas,2024-07-12
714,SurveyMonkey,4.105298108654097,-0.8303321581333876,Kamala Harris,48.160948694291534,Wisconsin,2024-07-12
723,Napolitan News,3.259552822657861,-1.0577752897515893,Kamala Harris,54.53470300479282,Florida,2024-07-15
727,YouGov,4.759724515979178,-1.4744750391691923,Kamala Harris,58.504069614189255,Florida,2024-07-23
729,Other,4.443213373865001,-0.17671319097280502,Kamala Harris,48.1590623059329,Wisconsin,2024-07-28
731,YouGov,3.2632238937309013,-0.9603001587092876,Kamala Harris,57.03903983369763,Arizona,2024-07-27
732,YouGov,3.753581208945252,0.7831622781231999,Kamala Harris,46.30318766856009,Wisconsin,2024-08-22
733,Ipsos,3.8834447056753563,-1.1196799343451858,Kamala Harris,47.86916408298398,Wisconsin,2024-09-01
734,Other,3.1125743777723986,0.7751760371029377,Kamala Harris,45.03767713164866,Texas,2024-08-06
735,CBS News,3.702771443873644,-1.146290035918355,Kamala Harris,48.82041913423288,Texas,2024-07-13
737,SurveyMonkey,3.5401168395066636,-1.0000442592427135,Kamala Harris,42.43192097164768,Wisconsin,2024-07-08
738,RMG Research,4.256408425490372,0.11585490126162767,Kamala Harris,52.21749542068491,Texas,2024-08-04
739,Ipsos,3.931228826357983,1.9905039286240935,Kamala Harris,40.24058840688025,Michigan,2024-07-07
740,Ipsos,4.324586253101006,0.2728021163493395,Kamala Harris,43.96537644355856,Michigan,2024-09-21
741,Ipsos,3.204653962212615,2.011507580988109,Kamala Harris,66.19651773216312,Florida,2024-08-18
744,CBS News,3.7134979265742007,0.6450026221573353,Kamala Harris,50.05376312995076,Arizona,2024-08-13
745,Ipsos,3.0463541365694256,1.5002016574144363,Kamala Harris,48.17065886989834,Michigan,2024-07-21
746,RMG Research,4.02667034023907,-1.0808446621522307,Kamala Harris,48.37548459296736,Texas,2024-07-03
748,Ipsos,4.781608587130904,2.4891659412533045,Kamala Harris,52.12081744767632,Pennsylvania,2024-07-04
749,Napolitan News,4.69791848284658,-0.42739077750593424,Kamala Harris,42.527394165864656,Michigan,2024-09-22
751,Napolitan News,3.2823352453066037,1.9221465606242418,Kamala Harris,51.57710865446674,Florida,2024-09-07
756,Other,3.677306665829383,0.5440848609432578,Kamala Harris,41.68017561637775,Arizona,2024-07-17
758,SurveyMonkey,3.7793510164367037,0.05132829584181309,Kamala Harris,49.75321060122088,Florida,2024-07-27
759,SurveyMonkey,3.3543696817709137,2.4365663724020123,Kamala Harris,51.12205907045643,Florida,2024-09-04
760,Napolitan News,4.031395710958168,2.2568095261231065,Kamala Harris,44.73005995828061,Arizona,2024-08-07
765,SurveyMonkey,4.574405719502829,2.440481759607792,Kamala Harris,49.70961571653764,Wisconsin,2024-09-09
766,Ipsos,4.367318776505999,0.6800182871520519,Kamala Harris,45.513213458727904,Wisconsin,2024-09-03
769,SurveyMonkey,4.2723761827452105,1.576412009075284,Kamala Harris,45.20218027895131,Wisconsin,2024-08-07
771,YouGov,4.113351561874151,2.2643850781023502,Kamala Harris,55.56078315525708,Wisconsin,2024-09-27
772,SurveyMonkey,4.049165692855604,0.6758319810032845,Kamala Harris,46.89597664582066,Texas,2024-08-15
773,Ipsos,3.867570013715886,1.5218184236437082,Kamala Harris,50.8528291546007,Wisconsin,2024-07-11
774,RMG Research,3.98656270285137,1.3653358854353428,Kamala Harris,45.75983669944336,Pennsylvania,2024-07-01
775,YouGov,3.166431073774584,1.6995084043592215,Kamala Harris,55.08610846815459,Pennsylvania,2024-08-07
778,Napolitan News,4.932275515212678,-1.4337726356461644,Kamala Harris,52.797519836112656,Texas,2024-09-11
779,Other,4.764107153564692,-0.08521478716284037,Kamala Harris,47.896480654548725,Texas,2024-09-14
780,SurveyMonkey,4.0747351797996085,0.3803691044449806,Kamala Harris,47.6277709408226,Texas,2024-09-28
782,RMG Research,4.333229515422135,1.7404299965128303,Kamala Harris,61.91593719663018,Michigan,2024-08-15
785,Napolitan News,4.833024611114524,1.0640425579622388,Kamala Harris,52.22682387986,Wisconsin,2024-08-07
787,Ipsos,3.989834859315306,1.689563162624836,Kamala Harris,46.840065423219215,Pennsylvania,2024-07-08
789,YouGov,4.258290566504002,1.014511284418404,Kamala Harris,52.17273799856634,Florida,2024-07-17
790,Napolitan News,3.8479440462077035,0.4063658323138952,Kamala Harris,44.01911546441125,Florida,2024-09-18
793,Napolitan News,4.3939170181751255,0.16305437963455915,Kamala Harris,45.85556283440322,Florida,2024-08-05
798,Other,3.389510380732827,1.36029021628201,Kamala Harris,50.064504781476245,Michigan,2024-09-14
799,Other,4.0074429692467675,1.432148763909936,Kamala Harris,49.138523308237936,Michigan,2024-07-22
800,YouGov,4.3782782019814475,0.8335456652566791,Kamala Harris,47.02520723011312,Texas,2024-07-11
802,RMG Research,3.61232473209966,1.1941379196941853,Kamala Harris,52.193053437491855,Michigan,2024-07-28
803,CBS News,4.385008506802842,-1.0928522469475865,Kamala Harris,50.78822685475202,Arizona,2024-08-21
805,CBS News,4.614798522647471,0.38451502192765474,Kamala Harris,46.12873542522092,Pennsylvania,2024-08-19
806,CBS News,3.718585929996334,0.051175870932638645,Kamala Harris,62.952388277490705,Michigan,2024-08-31
807,Napolitan News,4.176511735538952,0.3609894746914506,Kamala Harris,42.3337815222723,Texas,2024-07-11
808,Other,4.784984493930824,1.8338079415261745,Kamala Harris,38.76114348789828,Michigan,2024-08-25
810,Ipsos,4.001201805053279,0.8683295547962189,Kamala Harris,56.74194203673348,Michigan,2024-08-28
811,CBS News,4.472000451432541,2.101937157101929,Kamala Harris,54.29882162657758,Texas,2024-09-17
813,Napolitan News,4.073491576663218,2.3871274664998055,Kamala Harris,47.86026170502639,Wisconsin,2024-08-03
816,Ipsos,3.0216949098045007,-0.6327140610665083,Kamala Harris,42.398633703184274,Texas,2024-08-08
820,Other,3.9635454942006616,-0.9740183223038912,Kamala Harris,54.28780706541464,Texas,2024-09-07
825,Other,4.640286419750192,-0.8135577738285065,Kamala Harris,55.414182007114704,Arizona,2024-08-21
828,SurveyMonkey,4.02988744569011,1.1691141752526164,Kamala Harris,48.183209678331465,Michigan,2024-09-13
829,RMG Research,3.291673553106375,1.192612623795867,Kamala Harris,52.88965284438368,Pennsylvania,2024-09-07
830,RMG Research,4.391115993121639,1.5740840304642916,Kamala Harris,53.85403388018529,Texas,2024-08-13
831,Napolitan News,4.723335585463792,-1.443530758842826,Kamala Harris,51.61970137218271,Pennsylvania,2024-07-29
834,CBS News,4.032341077062301,-1.3701576059684157,Kamala Harris,52.30882264324312,Pennsylvania,2024-08-29
835,Other,3.800766772427596,1.8363879453390837,Kamala Harris,55.73612326589128,Wisconsin,2024-08-25
836,Napolitan News,4.532181920879521,0.24362826254218817,Kamala Harris,45.91688893660307,Florida,2024-09-08
838,SurveyMonkey,4.161686338344589,1.6310486672446132,Kamala Harris,56.53117711283737,Arizona,2024-07-06
841,Other,3.0822755498345944,0.6489924620836973,Kamala Harris,38.0911749429628,Arizona,2024-08-19
842,CBS News,3.8583577779354528,0.1557811787351966,Kamala Harris,57.0187553403863,Florida,2024-07-06
846,CBS News,3.182166870380752,-1.0737085221335292,Kamala Harris,47.817770256136576,Michigan,2024-09-02
848,YouGov,3.3467840724624693,-1.1908948691561818,Kamala Harris,55.005898356718816,Wisconsin,2024-08-01
849,YouGov,4.438439062307589,0.49898433685302734,Kamala Harris,41.427146926429536,Pennsylvania,2024-08-01
850,Napolitan News,4.0405398678267375,-1.421160152181983,Kamala Harris,49.12988230978443,Wisconsin,2024-08-13
851,Ipsos,4.024737428547814,-1.092592764645815,Kamala Harris,46.06767285460161,Texas,2024-07-13
852,SurveyMonkey,3.126863724156283,1.5266354586929083,Kamala Harris,57.21013954330731,Michigan,2024-09-05
853,Napolitan News,4.993904195842333,0.2984601864591241,Kamala Harris,56.755834939797836,Texas,2024-07-18
854,YouGov,3.5564626055769626,-0.6756865065544844,Kamala Harris,49.20704779232125,Wisconsin,2024-09-13
855,Other,3.467233022907749,2.311984204687178,Kamala Harris,49.70841911031799,Arizona,2024-09-20
858,Other,4.9597010279307145,1.0928549645468593,Kamala Harris,54.12735919898496,Florida,2024-07-28
859,SurveyMonkey,3.4074171968037263,-0.6071944171562791,Kamala Harris,52.271855158803675,Florida,2024-08-17
860,Other,3.9258979544742036,0.7834736714139581,Kamala Harris,44.86763547541127,Michigan,2024-07-12
861,RMG Research,4.578969798749313,0.4424187345430255,Kamala Harris,54.165808700769,Texas,2024-09-27
862,RMG Research,4.284311060910113,2.100025408901274,Kamala Harris,49.685334190853396,Arizona,2024-09-27
863,CBS News,4.65579732498154,0.3220787765458226,Kamala Harris,38.72884421709982,Wisconsin,2024-07-19
864,RMG Research,4.502730740699917,1.8207728639245033,Kamala Harris,44.389081515714004,Florida,2024-08-14
867,SurveyMonkey,3.3271543874405327,0.2270519221201539,Kamala Harris,49.036702908793586,Texas,2024-07-05
869,YouGov,3.7332991013303403,-1.0036886306479573,Kamala Harris,43.71816660436402,Pennsylvania,2024-07-15
872,YouGov,4.499721534340642,-0.7207189192995429,Kamala Harris,50.97965794760329,Texas,2024-07-07
873,Napolitan News,4.503420524252578,0.3586293365806341,Kamala Harris,54.42400360989916,Florida,2024-08-28
874,CBS News,4.948456349945627,1.2620589332655072,Kamala Harris,56.78758095803916,Michigan,2024-07-12
875,Ipsos,3.478130716341548,-1.0461415452882648,Kamala Harris,40.15315014299079,Wisconsin,2024-07-05
876,YouGov,3.3143125044647608,0.8320718985050917,Kamala Harris,50.45866600832689,Florida,2024-08-16
877,Other,3.5500214823056013,2.031943862326443,Kamala Harris,52.88546995784124,Florida,2024-09-15
878,Ipsos,3.6629829450277613,1.2237964868545532,Kamala Harris,37.291183207735706,Arizona,2024-07-15
879,RMG Research,3.760795946721919,-0.9457605872303247,Kamala Harris,51.605066813807795,Arizona,2024-08-01
880,SurveyMonkey,4.879244092805311,2.446754419244826,Kamala Harris,55.52014241801271,Pennsylvania,2024-08-03
882,RMG Research,4.666057893750258,1.9692128421738744,Kamala Harris,48.26892411902977,Texas,2024-07-20
886,YouGov,4.205549463070929,1.211839010939002,Kamala Harris,38.139177054945364,Pennsylvania,2024-08-09
888,CBS News,4.083887623157352,1.9183762203902006,Kamala Harris,51.107244247196896,Florida,2024-09-23
889,YouGov,4.971251164306887,1.601484321989119,Kamala Harris,38.37337824172533,Texas,2024-08-21
890,Other,4.989306515990757,2.2473878962919116,Kamala Harris,43.910604852415354,Arizona,2024-09-20
891,SurveyMonkey,4.724196886597201,1.0212614284828305,Kamala Harris,50.40885279360025,Pennsylvania,2024-09-23
892,RMG Research,3.8280726751312617,-1.1501046437770128,Kamala Harris,51.60190501025803,Arizona,2024-08-11
893,CBS News,4.243966170959174,0.3083273582160473,Kamala Harris,51.6031366548351,Wisconsin,2024-08-12
894,YouGov,4.57384104244411,0.48219978902488947,Kamala Harris,44.014179376451686,Texas,2024-07-05
895,SurveyMonkey,4.465769365546294,1.7984505398198962,Kamala Harris,49.20254931059096,Texas,2024-09-15
897,Napolitan News,4.794174359831959,-0.9801540486514568,Kamala Harris,56.698749140040746,Florida,2024-07-08
898,YouGov,3.849734405009076,-1.226853326894343,Kamala Harris,55.97851206598436,Wisconsin,2024-09-23
903,YouGov,3.8943017094163226,-0.8744093291461468,Kamala Harris,49.53208848165394,Pennsylvania,2024-07-30
904,Other,3.4392781072063374,-0.17768047098070383,Kamala Harris,50.28871430634607,Pennsylvania,2024-09-25
906,Napolitan News,3.4901568995788694,-1.481397076509893,Kamala Harris,48.40643043268173,Florida,2024-07-23
907,YouGov,3.789394127787091,1.3832412222400308,Kamala Harris,60.50347568807739,Michigan,2024-09-14
910,Ipsos,4.303526404872537,1.3299792483448982,Kamala Harris,48.10625769215552,Texas,2024-08-15
911,Ipsos,3.1336040842579678,1.060875297524035,Kamala Harris,49.86048459056645,Arizona,2024-08-14
916,Other,3.3291624649893494,-0.787347225472331,Kamala Harris,42.45036037589762,Wisconsin,2024-09-25
918,CBS News,4.290307215671055,0.15363334771245718,Kamala Harris,51.95984687489992,Michigan,2024-07-08
919,Napolitan News,4.452242147503421,0.27772090025246143,Kamala Harris,48.49380252157363,Wisconsin,2024-09-18
920,Napolitan News,3.494683840638027,1.7220156025141478,Kamala Harris,60.14579036262751,Michigan,2024-07-23
921,SurveyMonkey,4.562042611814104,1.425314186140895,Kamala Harris,44.92928443747682,Florida,2024-08-18
923,RMG Research,4.715058239060454,-0.6402128813788295,Kamala Harris,53.68899904047348,Wisconsin,2024-09-14
924,SurveyMonkey,4.568002485739998,-0.14652524702250957,Kamala Harris,45.63637334885357,Florida,2024-07-09
926,CBS News,4.2116108949529005,0.7310113506391644,Kamala Harris,42.908245074759684,Arizona,2024-09-02
929,Other,3.1408033929066734,1.0239251796156168,Kamala Harris,46.08730096788795,Pennsylvania,2024-09-28
930,YouGov,3.219220364582725,0.0012044720351696014,Kamala Harris,54.70381670135272,Wisconsin,2024-09-08
931,SurveyMonkey,4.561703437147662,-1.019810350611806,Kamala Harris,59.11076783328782,Texas,2024-07-28
932,Other,4.036148580140434,0.659813929349184,Kamala Harris,53.965807942961675,Florida,2024-07-07
933,SurveyMonkey,3.266416688077152,2.385977045632899,Kamala Harris,55.67973232311993,Arizona,2024-08-03
934,Napolitan News,3.590165650076233,1.5148673504590988,Kamala Harris,52.209759827853794,Florida,2024-07-27
936,YouGov,4.864336978318169,-0.09723913762718439,Kamala Harris,50.55763257578343,Florida,2024-08-08
937,Ipsos,4.772219846025109,-0.3773622680455446,Kamala Harris,45.63660019554685,Texas,2024-09-29
941,Napolitan News,3.635912150703371,1.2865935619920492,Kamala Harris,48.91438008092117,Pennsylvania,2024-07-29
944,SurveyMonkey,4.927636870951392,-1.1640249351039529,Kamala Harris,39.704554130677536,Pennsylvania,2024-07-29
946,SurveyMonkey,3.4984905441990124,-0.9931210540235043,Kamala Harris,53.18388133665956,Florida,2024-07-28
948,CBS News,3.308937530615367,-1.2181316427886486,Kamala Harris,44.10120880583554,Pennsylvania,2024-07-05
951,YouGov,4.48754571233876,0.41159438621252775,Kamala Harris,45.50852582152924,Michigan,2024-08-16
952,YouGov,3.3147090874612335,-0.8541022511199117,Kamala Harris,45.851957277330484,Michigan,2024-07-03
953,YouGov,3.9663274379447104,-0.9489032588899136,Kamala Harris,57.83960147868127,Wisconsin,2024-07-09
955,CBS News,4.565784702822566,0.014369022101163864,Kamala Harris,50.82300401620167,Pennsylvania,2024-09-19
957,Ipsos,3.780582540598698,0.19315605144947767,Kamala Harris,51.081106119051725,Arizona,2024-09-28
958,SurveyMonkey,3.8051878307480367,2.019085105508566,Kamala Harris,47.58774482595023,Michigan,2024-09-07
960,RMG Research,4.409669109294191,0.004507341422140598,Kamala Harris,53.33368756520094,Texas,2024-08-14
961,YouGov,4.701106470450759,1.5384889552369714,Kamala Harris,39.774689349278376,Arizona,2024-07-21
963,RMG Research,3.941092461906374,0.124755984172225,Kamala Harris,42.17082475338528,Pennsylvania,2024-09-29
966,SurveyMonkey,3.3460468828445302,1.6631897808983922,Kamala Harris,45.299164877364674,Texas,2024-09-24
967,YouGov,4.147924825898372,2.271267575211823,Kamala Harris,54.44023385626233,Pennsylvania,2024-09-29
973,YouGov,4.111733665829524,1.0491903880611062,Kamala Harris,47.04157768691837,Michigan,2024-08-08
974,Other,3.755076251924038,0.8868206357583404,Kamala Harris,49.71069499156165,Pennsylvania,2024-08-29
975,Ipsos,4.880448281834833,0.2785657737404108,Kamala Harris,53.6023110686512,Arizona,2024-09-10
977,RMG Research,4.265500906668604,1.0493317395448685,Kamala Harris,52.44064256336065,Texas,2024-09-05
978,CBS News,4.934793480136432,1.7177212415263057,Kamala Harris,48.37633743498315,Wisconsin,2024-08-27
980,Ipsos,3.033074566954747,1.8976017041131854,Kamala Harris,59.64475797453193,Florida,2024-09-28
986,SurveyMonkey,4.414831048506312,1.8940069479867816,Kamala Harris,46.285036043458845,Florida,2024-07-21
987,SurveyMonkey,4.152631814149208,-0.5122367069125175,Kamala Harris,48.50643983866582,Wisconsin,2024-07-08
988,Other,4.140153818577528,0.30771305225789547,Kamala Harris,40.36716233871889,Michigan,2024-07-17
990,Other,3.787617434677668,-1.2297487510368228,Kamala Harris,52.88487568251531,Michigan,2024-09-19
994,YouGov,4.241557211871259,1.9676996432244778,Kamala Harris,49.409308371067745,Pennsylvania,2024-08-12
996,Other,3.657340036542155,-0.8542152876034379,Kamala Harris,58.913048469090285,Wisconsin,2024-09-28
1000,Other,3.528315763990395,1.2804460674524307,Kamala Harris,48.291074067447354,Texas,2024-07-13
